{"('ASGA', 0)": 447.9460964794446, "('ASGA', 1)": 15362.440952437099, "('ASGA', 2)": 0.0, "('ASGA', 3)": 1.190426662645414, "('ASGA', 4)": 0.0, "('ASGA', 5)": 0.0, "('ASGA', 6)": 0.0, "('ASGA', 7)": 0.0, "('ASGA', 8)": 0.008332027866653978, "('ASGA', 9)": 0.0, "('ASGA', 10)": 0.0, "('ASGA', 11)": 0.0, "('ASGA', 12)": 0.0, "('ASGA', 13)": 0.05492418480220262, "('ASGA', 14)": 0.0, "('ASGA', 15)": 0.7263258407064629, "('ASGA', 16)": 0.0, "('ASGA', 17)": 0.0, "('ASGA', 18)": 0.023175675675683786, "('ASGA', 19)": 0.0738889380321153, "('CGUE', 0)": 29.06489158131875, "('CGUE', 1)": 14659.33634051359, "('CGUE', 2)": 0.0, "('CGUE', 3)": 0.0, "('CGUE', 4)": 0.0, "('CGUE', 5)": 0.0, "('CGUE', 6)": 0.0, "('CGUE', 7)": 0.0, "('CGUE', 8)": 0.0, "('CGUE', 9)": 0.0, "('CGUE', 10)": 0.0, "('CGUE', 11)": 0.0, "('CGUE', 12)": 0.0, "('CGUE', 13)": 0.0, "('CGUE', 14)": 0.0, "('CGUE', 15)": 0.04981585348677296, "('CGUE', 16)": 0.0, "('CGUE', 17)": 0.0, "('CGUE', 18)": 0.0, "('CGUE', 19)": 0.0, "('FGUF', 0)": 133.10967336057865, "('FGUF', 1)": 14874.302594731813, "('FGUF', 2)": 0.0, "('FGUF', 3)": 0.0, "('FGUF', 4)": 0.0, "('FGUF', 5)": 0.0, "('FGUF', 6)": 0.0, "('FGUF', 7)": 0.0, "('FGUF', 8)": 0.0, "('FGUF', 9)": 0.0, "('FGUF', 10)": 0.0, "('FGUF', 11)": 0.0, "('FGUF', 12)": 0.0, "('FGUF', 13)": 0.0, "('FGUF', 14)": 0.0, "('FGUF', 15)": 0.0, "('FGUF', 16)": 4.745258795033134, "('FGUF', 17)": 0.0, "('FGUF', 18)": 0.0, "('FGUF', 19)": 0.0, "('GOUC', 0)": 170.21872461466808, "('GOUC', 1)": 15014.060749962407, "('GOUC', 2)": 0.0, "('GOUC', 3)": 0.0, "('GOUC', 4)": 0.0, "('GOUC', 5)": 0.0, "('GOUC', 6)": 0.0, "('GOUC', 7)": 0.0, "('GOUC', 8)": 0.0, "('GOUC', 9)": 0.0, "('GOUC', 10)": 0.0, "('GOUC', 11)": 0.0, "('GOUC', 12)": 0.0, "('GOUC', 13)": 0.0, "('GOUC', 14)": 0.0, "('GOUC', 15)": 0.0, "('GOUC', 16)": 1.1913031581730098, "('GOUC', 17)": 0.0, "('GOUC', 18)": 0.0, "('GOUC', 19)": 0.0, "('H7UP', 0)": 93.5349732515274, "('H7UP', 1)": 14789.137240401104, "('H7UP', 2)": 0.0, "('H7UP', 3)": 0.0, "('H7UP', 4)": 0.0, "('H7UP', 5)": 0.0, "('H7UP', 6)": 0.0, "('H7UP', 7)": 0.0, "('H7UP', 8)": 0.0, "('H7UP', 9)": 0.0, "('H7UP', 10)": 0.0, "('H7UP', 11)": 0.0, "('H7UP', 12)": 0.0, "('H7UP', 13)": 0.0, "('H7UP', 14)": 0.0, "('H7UP', 15)": 0.0, "('H7UP', 16)": 3.390869061111172, "('H7UP', 17)": 0.0, "('H7UP', 18)": 0.0, "('H7UP', 19)": 0.0, "('LAUB', 0)": 207.3070561304805, "('LAUB', 1)": 15151.110243775682, "('LAUB', 2)": 0.0, "('LAUB', 3)": 0.0, "('LAUB', 4)": 0.0, "('LAUB', 5)": 0.0, "('LAUB', 6)": 0.0, "('LAUB', 7)": 0.0, "('LAUB', 8)": 0.0, "('LAUB', 9)": 0.0, "('LAUB', 10)": 0.0, "('LAUB', 11)": 0.0, "('LAUB', 12)": 0.0, "('LAUB', 13)": 0.0, "('LAUB', 14)": 0.0, "('LAUB', 15)": 0.0, "('LAUB', 16)": 0.11636493233086881, "('LAUB', 17)": 0.0, "('LAUB', 18)": 0.0, "('LAUB', 19)": 0.0, "('LEUA', 0)": 0.5098039215686274, "('LEUA', 1)": 311.1532938622144, "('LEUA', 2)": 15156.299220153634, "('LEUA', 3)": 0.0, "('LEUA', 4)": 0.0, "('LEUA', 5)": 0.0, "('LEUA', 6)": 0.0, "('LEUA', 7)": 0.0, "('LEUA', 8)": 0.0, "('LEUA', 9)": 0.0, "('LEUA', 10)": 0.0, "('LEUA', 11)": 0.0, "('LEUA', 12)": 0.0, "('LEUA', 13)": 0.0, "('LEUA', 14)": 0.0, "('LEUA', 15)": 0.0, "('LEUA', 16)": 0.3369154214124342, "('LEUA', 17)": 0.0, "('LEUA', 18)": 0.0, "('LEUA', 19)": 0.0, "('MCUG', 0)": 244.41610738456993, "('MCUG', 1)": 15238.131616104141, "('MCUG', 2)": 0.0, "('MCUG', 3)": 0.0, "('MCUG', 4)": 0.0, "('MCUG', 5)": 0.0, "('MCUG', 6)": 0.0, "('MCUG', 7)": 0.0, "('MCUG', 8)": 0.0, "('MCUG', 9)": 0.0, "('MCUG', 10)": 0.0, "('MCUG', 11)": 0.0, "('MCUG', 12)": 0.0, "('MCUG', 13)": 0.0, "('MCUG', 14)": 0.0, "('MCUG', 15)": 0.0, "('MCUG', 16)": 0.14950804820224992, "('MCUG', 17)": 0.0, "('MCUG', 18)": 0.0, "('MCUG', 19)": 0.0, "('MMUP', 0)": 281.4837191621054, "('MMUP', 1)": 15323.081508783573, "('MMUP', 2)": 0.0, "('MMUP', 3)": 0.0, "('MMUP', 4)": 0.0, "('MMUP', 5)": 0.0, "('MMUP', 6)": 0.0, "('MMUP', 7)": 0.0, "('MMUP', 8)": 0.0, "('MMUP', 9)": 0.0, "('MMUP', 10)": 0.0, "('MMUP', 11)": 0.0, "('MMUP', 12)": 0.0, "('MMUP', 13)": 0.0, "('MMUP', 14)": 0.0, "('MMUP', 15)": 0.0, "('MMUP', 16)": 0.3612840533103916, "('MMUP', 17)": 0.0, "('MMUP', 18)": 0.0, "('MMUP', 19)": 0.0}